"SampleID"	"obsMND"	"expMND"	"fdr"	"Sex"	"Population"	"Superpopulation"	"macroHap"	"FatherID"	"MotherID"	"deltaMother"	"motherObsMND"	"deltaFather"	"fatherObsMND"	"prop"
"HG00551"	0.84891819797912	0.84968691182987	0.989526681022476	"Women"	"PUR"	"AMR"	"A"	"0"	"0"	NA	NA	NA	NA	0.999095297526598
"HG00552"	0.890809080713538	0.886295827786734	0.935071711845262	"Men"	"PUR"	"AMR"	"A"	"HG01075"	"HG00551"	0.0493461947619222	0.84891819797912	4.62683764066959	0.158314338817058	1.00509226466526
"HG00553"	0.804155461476333	0.813756128985575	0.840552856846156	"Men"	"PUR"	"AMR"	"A"	"0"	"0"	NA	NA	NA	NA	0.988202033548786
"HG00637"	0.852133960758607	0.870036130784411	0.562575178230293	"Men"	"PUR"	"AMR"	"A"	"0"	"0"	NA	NA	NA	NA	0.979423647602239
"HG00638"	0.862429906542057	0.855243791074228	0.904541442426065	"Women"	"PUR"	"AMR"	"A"	"0"	"0"	NA	NA	NA	NA	1.00840241758295
"HG00639"	0.898897225906899	0.897319145943022	0.984353102267515	"Women"	"PUR"	"AMR"	"A"	"HG00637"	"HG00638"	0.0422843863463167	0.862429906542057	0.0548778329485444	0.852133960758607	1.00175866075188
"HG00640"	0.849428868120457	0.865173458224713	0.670980495128359	"Men"	"PUR"	"AMR"	"B"	"0"	"0"	NA	NA	NA	NA	0.981801811007283
"HG00641"	0.867772314060803	0.863287089298759	0.94446696768884	"Women"	"PUR"	"AMR"	"C"	"0"	"0"	NA	NA	NA	NA	1.00519551933261
"HG00642"	0.830988316976085	0.830459843345064	0.984353102267515	"Men"	"PUR"	"AMR"	"C"	"HG00640"	"HG00641"	-0.0423889959251932	0.867772314060803	-0.0217093529975929	0.849428868120457	1.00063636265529
"HG00731"	0.913811007268951	0.906006620453782	0.830136782110538	"Men"	"PUR"	"AMR"	"A"	"0"	"0"	NA	NA	NA	NA	1.0086140505367
"HG00732"	0.838222397919393	0.847949772011533	0.830136782110538	"Women"	"PUR"	"AMR"	"A"	"0"	"0"	NA	NA	NA	NA	0.988528360507645
"HG00733"	0.859849299673857	0.849739534155269	0.830136782110538	"Women"	"PUR"	"AMR"	"A"	"HG00731"	"HG00732"	0.0258009113191745	0.838222397919393	-0.0590512777432682	0.913811007268951	1.01189748753851
"HG00734"	0.7331256490135	0.756956893165499	0.562575178230293	"Women"	"PUR"	"AMR"	"C"	"0"	"0"	NA	NA	NA	NA	0.968517039256569
"HG00735"	0.791803515141707	0.789749319356045	0.984353102267515	"Women"	"PUR"	"AMR"	"C"	"HG01047"	"HG00734"	0.0800379392088727	0.7331256490135	-0.10587187841767	0.885559346618537	1.0026010731954
"HG00736"	0.886922181314705	0.882191656063357	0.936131424103806	"Men"	"PUR"	"AMR"	"A"	"0"	"0"	NA	NA	NA	NA	1.00536224211466
"HG00737"	0.88697357793931	0.884346462740483	0.983641918028665	"Women"	"PUR"	"AMR"	"C"	"0"	"0"	NA	NA	NA	NA	1.00297068548302
"HG00738"	0.892325268444015	0.873785440410963	0.545752704658371	"Men"	"PUR"	"AMR"	"C"	"HG00736"	"HG00737"	0.00603365267896544	0.88697357793931	0.00609195174406536	0.886922181314705	1.02121782668332
"HG01047"	0.885559346618537	0.903029568360774	0.562575178230293	"Men"	"PUR"	"AMR"	"A"	"0"	"0"	NA	NA	NA	NA	0.980653765552827
"HG01048"	0.872274143302181	0.878974200077533	0.904541442426065	"Men"	"PUR"	"AMR"	"C"	"0"	"0"	NA	NA	NA	NA	0.992377413609226
"HG01054"	0.824838860320321	0.837723110377248	0.814817011327328	"Men"	"PUR"	"AMR"	"A"	"0"	"0"	NA	NA	NA	NA	0.9846199180883
"HG01060"	0.887417791623399	0.885571060424202	0.984353102267515	"Men"	"PUR"	"AMR"	"A"	"0"	"0"	NA	NA	NA	NA	1.00208535631044
"HG01061"	0.856278156450316	0.854385261481072	0.984353102267515	"Women"	"PUR"	"AMR"	"A"	"0"	"0"	NA	NA	NA	NA	1.00221550517616
"HG01062"	0.854238399737662	0.859595289027723	0.92698449019364	"Women"	"PUR"	"AMR"	"A"	"HG01060"	"HG01061"	-0.00238211928832759	0.856278156450316	-0.0373886935769459	0.887417791623399	0.993768126281706
"HG01066"	0.867162917728964	0.882750391060364	0.631745596416748	"Men"	"PUR"	"AMR"	"C"	"0"	"0"	NA	NA	NA	NA	0.982342150749233
"HG01067"	0.875283805903163	0.875368198269426	0.999013581564619	"Women"	"PUR"	"AMR"	"C"	"0"	"0"	NA	NA	NA	NA	0.999903592149646
"HG01068"	0.847406678690496	0.84673337810288	0.985210457722732	"Women"	"PUR"	"AMR"	"C"	"HG01066"	"HG01067"	-0.0318492436677749	0.875283805903163	-0.0227826151632599	0.867162917728964	1.00079517426031
"HG01069"	0.844972017432506	0.852416157552465	0.884743299729166	"Men"	"PUR"	"AMR"	"C"	"0"	"0"	NA	NA	NA	NA	0.991267011947154
"HG01070"	0.795798391112953	0.818193290941285	0.562575178230293	"Women"	"PUR"	"AMR"	"C"	"0"	"0"	NA	NA	NA	NA	0.972628839570943
"HG01071"	0.836261025839204	0.845722843605745	0.840552856846156	"Women"	"PUR"	"AMR"	"C"	"HG01069"	"HG01070"	0.0508453336650537	0.795798391112953	-0.0103092071850748	0.844972017432506	0.988812153014337
"HG01072"	0.842721092314967	0.842615928524946	0.984353102267515	"Men"	"PUR"	"AMR"	"C"	"0"	"0"	NA	NA	NA	NA	1.00012480631621
"HG01079"	0.847580705181476	0.866314285897478	0.562575178230293	"Men"	"PUR"	"AMR"	"B"	"0"	"0"	NA	NA	NA	NA	0.978375537583806
"HG01082"	0.868945126759768	0.849598081935396	0.545752704658371	"Men"	"PUR"	"AMR"	"A"	"0"	"0"	NA	NA	NA	NA	1.02277199682501
"HG01083"	0.801693819328059	0.802154875861182	0.989526681022476	"Women"	"PUR"	"AMR"	"A"	"0"	"0"	NA	NA	NA	NA	0.999425227537727
"HG01084"	0.806853582554517	0.819951922995501	0.814817011327328	"Women"	"PUR"	"AMR"	"A"	"HG01082"	"HG01083"	0.00643607709335113	0.801693819328059	-0.0714562315767683	0.868945126759768	0.984025477502227
"HG01085"	0.876643087422987	0.864947796159521	0.743055434679078	"Men"	"PUR"	"AMR"	"A"	"0"	"0"	NA	NA	NA	NA	1.01352138396721
"HG01086"	0.779812083596176	0.797273871524442	0.658804423438159	"Women"	"PUR"	"AMR"	"C"	"0"	"0"	NA	NA	NA	NA	0.978098130953574
"HG01087"	0.793354101765317	0.813536077594814	0.608078686763279	"Women"	"PUR"	"AMR"	"C"	"HG01085"	"HG01086"	0.0173657454840786	0.779812083596176	-0.0950090029255923	0.876643087422987	0.975192279254333
"HG01097"	0.797732329975321	0.798041631668387	0.985210457722732	"Men"	"PUR"	"AMR"	"A"	"0"	"0"	NA	NA	NA	NA	0.999612424113239
"HG01100"	0.834303787040124	0.831467227526083	0.959582565368478	"Women"	"PUR"	"AMR"	"C"	"HG01247"	"HG01248"	-0.0358208418466111	0.865299545198629	0.0264828168080107	0.812779106848088	1.00341151090522
"HG01101"	0.799630379369282	0.819993701468852	0.562575178230293	"Men"	"PUR"	"AMR"	"C"	"0"	"0"	NA	NA	NA	NA	0.975166489616818
"HG01102"	0.89190277743529	0.887179729670384	0.936131424103806	"Women"	"PUR"	"AMR"	"C"	"0"	"0"	NA	NA	NA	NA	1.00532366510071
"HG01103"	0.877883376893725	0.86205493727754	0.599741021685913	"Women"	"PUR"	"AMR"	"C"	"HG01101"	"HG01102"	-0.0157185299746219	0.89190277743529	0.0978614614244226	0.799630379369282	1.01836128874358
"HG01104"	0.861662641513022	0.855024126996329	0.904541442426065	"Men"	"PUR"	"AMR"	"A"	"0"	"0"	NA	NA	NA	NA	1.00776412537037
"HG01105"	0.897900954232431	0.892287195119048	0.907902711132538	"Women"	"PUR"	"AMR"	"A"	"0"	"0"	NA	NA	NA	NA	1.00629142628527
"HG01106"	0.925144250304754	0.89215026024403	0.00493638969836311	"Men"	"PUR"	"AMR"	"A"	"HG01104"	"HG01105"	0.03034109268278	0.897900954232431	0.0736733911084539	0.861662641513022	1.03698254826681
"HG01107"	0.868120456905504	0.871711970934593	0.94627510391414	"Men"	"PUR"	"AMR"	"A"	"0"	"0"	NA	NA	NA	NA	0.995879930356768
"HG01110"	0.851003920824338	0.852657906828628	0.984353102267515	"Men"	"PUR"	"AMR"	"A"	"0"	"0"	NA	NA	NA	NA	0.998060199769398
"HG01112"	0.916747561750846	0.924925575885691	0.830136782110538	"Men"	"CLM"	"AMR"	"A"	"0"	"0"	NA	NA	NA	NA	0.991158192239398
"HG01113"	0.741009884442279	0.71924724175605	0.562575178230293	"Women"	"CLM"	"AMR"	"A"	"0"	"0"	NA	NA	NA	NA	1.03025752679022
"HG01114"	0.733654318540106	0.713544173232646	0.639795967078632	"Women"	"CLM"	"AMR"	"A"	"HG01112"	"HG01113"	-0.0099264072674407	0.741009884442279	-0.199720458335401	0.916747561750846	1.02818346230249
"HG01124"	0.718898773949624	0.705999890674853	0.830136782110538	"Men"	"CLM"	"AMR"	"D"	"0"	"0"	NA	NA	NA	NA	1.01827037573964
"HG01125"	0.704679728885798	0.719709350906953	0.814817011327328	"Women"	"CLM"	"AMR"	"A"	"0"	"0"	NA	NA	NA	NA	0.979117094974222
"HG01126"	0.714352563849784	0.717497088652048	0.984353102267515	"Men"	"CLM"	"AMR"	"A"	"HG01124"	"HG01125"	0.0137265690603588	0.704679728885798	-0.00632385290471821	0.718898773949624	0.995617369252087
"HG01133"	0.87294558864423	0.876146484730959	0.94627510391414	"Men"	"CLM"	"AMR"	"B"	"0"	"0"	NA	NA	NA	NA	0.996346619951672
"HG01134"	0.782968316066556	0.787717337801508	0.945234320619049	"Women"	"CLM"	"AMR"	"A"	"0"	"0"	NA	NA	NA	NA	0.993971160076016
"HG01135"	0.75413669633146	0.754598405472323	0.999013581564619	"Men"	"CLM"	"AMR"	"A"	"HG01133"	"HG01134"	-0.0368234820534478	0.782968316066556	-0.136101142910054	0.87294558864423	0.999388139257234
"HG01136"	0.739183769149689	0.725505547051395	0.821309357767603	"Men"	"CLM"	"AMR"	"B"	"0"	"0"	NA	NA	NA	NA	1.01885336666809
"HG01137"	0.594971674572758	0.59256114443097	0.984353102267515	"Women"	"CLM"	"AMR"	"B"	"0"	"0"	NA	NA	NA	NA	1.00406798549727
"HG01138"	0.633475999053002	0.615167401285676	0.740791951713058	"Men"	"CLM"	"AMR"	"B"	"HG01136"	"HG01137"	0.064716231252341	0.594971674572758	-0.143006075766906	0.739183769149689	1.02976197654339
"HG01139"	0.690616284954386	0.704917414730865	0.830136782110538	"Men"	"CLM"	"AMR"	"A"	"0"	"0"	NA	NA	NA	NA	0.979712332994442
"HG01140"	0.758646723026333	0.768294415571083	0.861032719057655	"Women"	"CLM"	"AMR"	"B"	"0"	"0"	NA	NA	NA	NA	0.987442714213172
"HG01141"	0.765316718587746	0.771830298420452	0.922954920394689	"Women"	"CLM"	"AMR"	"B"	"HG01139"	"HG01140"	0.00879196516503248	0.758646723026333	0.108164888753375	0.690616284954386	0.991560865327475
"HG01148"	0.717782249095129	0.711557474852737	0.94446696768884	"Men"	"CLM"	"AMR"	"B"	"0"	"0"	NA	NA	NA	NA	1.00874809760614
"HG01149"	0.579342460186306	0.575601110981795	0.984353102267515	"Women"	"CLM"	"AMR"	"B"	"0"	"0"	NA	NA	NA	NA	1.00649989920647
"HG01150"	0.554588255906583	0.548611731803737	0.94576698889695	"Women"	"CLM"	"AMR"	"B"	"HG01148"	"HG01149"	-0.0427281029458173	0.579342460186306	-0.227358636124363	0.717782249095129	1.01089390502678
"HG01171"	0.869366368314562	0.85215447970777	0.585550718579813	"Women"	"PUR"	"AMR"	"A"	"0"	"0"	NA	NA	NA	NA	1.02019808499123
"HG01172"	0.864389362950923	0.858225838793224	0.922954920394689	"Men"	"PUR"	"AMR"	"A"	"HG01170"	"HG01171"	-0.0057248653099929	0.869366368314562	-0.0160758288740291	0.87851217432919	1.0071817042544
"HG01174"	0.865713730066122	0.844709564320106	0.522721610607582	"Women"	"PUR"	"AMR"	"A"	"0"	"0"	NA	NA	NA	NA	1.02486554744165
"HG01175"	0.84390627063666	0.829927592317162	0.709276232610934	"Women"	"PUR"	"AMR"	"A"	"HG01173"	"HG01174"	-0.0251901508224852	0.865713730066122	6.47628257105591	0.112877792220402	1.01684325048221
"HG01177"	0.782485815972626	0.80022019569035	0.666169888858995	"Women"	"PUR"	"AMR"	"A"	"0"	"0"	NA	NA	NA	NA	0.977838125289472
"HG01178"	0.813046549641278	0.810485693276813	0.976922037009345	"Men"	"PUR"	"AMR"	"A"	"HG01176"	"HG01177"	0.0390559586446493	0.782485815972626	-0.0662898052793357	0.870769703745727	1.00315965646983
"HG01182"	0.847412599515403	0.83461464434101	0.807424727287411	"Men"	"PUR"	"AMR"	"A"	"0"	"0"	NA	NA	NA	NA	1.01533396910918
"HG01183"	0.832320087052331	0.833742409616587	0.984353102267515	"Women"	"PUR"	"AMR"	"A"	"0"	"0"	NA	NA	NA	NA	0.99829405035914
"HG01184"	0.839390287789398	0.846513142386333	0.897131426708709	"Women"	"PUR"	"AMR"	"A"	"HG01182"	"HG01183"	0.00849456939349613	0.832320087052331	-0.00946683083375536	0.847412599515403	0.991585653854286
"HG01187"	0.736113097164817	0.721925170587563	0.814817011327328	"Men"	"PUR"	"AMR"	"A"	"0"	"0"	NA	NA	NA	NA	1.01965290469884
"HG01190"	0.801625621632789	0.798556312320638	0.984353102267515	"Men"	"PUR"	"AMR"	"C"	"0"	"0"	NA	NA	NA	NA	1.00384357278854
"HG01191"	0.77005573036389	0.785064153876669	0.780016544450053	"Women"	"PUR"	"AMR"	"B"	"0"	"0"	NA	NA	NA	NA	0.980882551523125
"HG01192"	0.779045004136086	0.786133379407366	0.929095027218076	"Men"	"PUR"	"AMR"	"B"	"HG01190"	"HG01191"	0.0116735366256511	0.77005573036389	-0.0281685326508273	0.801625621632789	0.990983240939821
"HG01198"	0.866158002049852	0.859718853972384	0.904541442426065	"Women"	"PUR"	"AMR"	"B"	"0"	"0"	NA	NA	NA	NA	1.00748983001561
"HG01199"	0.891391252990071	0.899960999729643	0.830136782110538	"Men"	"PUR"	"AMR"	"B"	"HG01197"	"HG01198"	0.0291323879482747	0.866158002049852	3.12975636793222	0.215845966099059	0.990477646540077
"HG01204"	0.860233238942385	0.839524383096054	0.545752704658371	"Men"	"PUR"	"AMR"	"C"	"0"	"0"	NA	NA	NA	NA	1.02466736674158
"HG01248"	0.865299545198629	0.85807472912211	0.893679308778642	"Women"	"PUR"	"AMR"	"C"	"0"	"0"	NA	NA	NA	NA	1.00841979821957
"HG01250"	0.677115918989453	0.686471943311605	0.893679308778642	"Men"	"CLM"	"AMR"	"A"	"0"	"0"	NA	NA	NA	NA	0.986370856939881
"HG01251"	0.704551084909953	0.713296927514147	0.893679308778642	"Women"	"CLM"	"AMR"	"A"	"0"	"0"	NA	NA	NA	NA	0.987738847222189
"HG01252"	0.723087922508419	0.728589828097757	0.965282837318168	"Men"	"CLM"	"AMR"	"A"	"HG01250"	"HG01251"	0.0263101398826679	0.704551084909953	0.0678938453958904	0.677115918989453	0.992448555583458
"HG01253"	0.745586708203531	0.754289681479689	0.904541442426065	"Men"	"CLM"	"AMR"	"B"	"0"	"0"	NA	NA	NA	NA	0.988462027931914
"HG01254"	0.678679779284507	0.688940933156821	0.885293099554852	"Women"	"CLM"	"AMR"	"B"	"0"	"0"	NA	NA	NA	NA	0.985105901858239
"HG01255"	0.676365899141946	0.68794827406484	0.852484919134445	"Men"	"CLM"	"AMR"	"B"	"HG01253"	"HG01254"	-0.00340938423861645	0.678679779284507	-0.0928407230171387	0.745586708203531	0.983163886938102
"HG01256"	0.84895006990398	0.853693838416084	0.939504291818089	"Men"	"CLM"	"AMR"	"A"	"0"	"0"	NA	NA	NA	NA	0.994443243820401
"HG01257"	0.767415437526678	0.760334697674518	0.92076689376488	"Women"	"CLM"	"AMR"	"B"	"0"	"0"	NA	NA	NA	NA	1.00931266174464
"HG01258"	0.75761194280286	0.764587239014975	0.907902711132538	"Men"	"CLM"	"AMR"	"B"	"HG01256"	"HG01257"	-0.012774690531916	0.767415437526678	-0.107589515967001	0.84895006990398	0.990877043382124
"HG01259"	0.889937193276439	0.876960803670692	0.70363620867065	"Men"	"CLM"	"AMR"	"A"	"0"	"0"	NA	NA	NA	NA	1.01479700067715
"HG01271"	0.740053451374644	0.753848531984672	0.827792680340382	"Men"	"CLM"	"AMR"	"A"	"0"	"0"	NA	NA	NA	NA	0.981700461001483
"HG01274"	0.708822444449479	0.704871659332683	0.984353102267515	"Men"	"CLM"	"AMR"	"A"	"0"	"0"	NA	NA	NA	NA	1.00560497086879
"HG01275"	0.95257874697127	0.962318842058312	0.631745596416748	"Women"	"CLM"	"AMR"	"A"	"0"	"0"	NA	NA	NA	NA	0.989878515663053
"HG01276"	0.97199348362222	0.968974642248639	0.90962332497125	"Women"	"CLM"	"AMR"	"A"	"HG01274"	"HG01275"	0.0203812406194018	0.95257874697127	0.371279212775406	0.708822444449479	1.00311550090369
"HG01277"	0.599073775677063	0.611077084075633	0.862507280903349	"Men"	"CLM"	"AMR"	"B"	"0"	"0"	NA	NA	NA	NA	0.980357128893604
"HG01278"	0.662827479727065	0.663146252972961	0.999243398102894	"Women"	"CLM"	"AMR"	"B"	"0"	"0"	NA	NA	NA	NA	0.999519301746081
"HG01279"	0.642764426642932	0.672881374532096	0.522721610607582	"Women"	"CLM"	"AMR"	"B"	"HG01277"	"HG01278"	-0.0302688915257319	0.662827479727065	0.0729303346929025	0.599073775677063	0.955241816716792
"HG01341"	0.39925443074426	0.39685122908361	0.984353102267515	"Men"	"CLM"	"AMR"	"C"	"0"	"0"	NA	NA	NA	NA	1.00605567397687
"HG01342"	0.787522266304044	0.785411773184365	0.984353102267515	"Women"	"CLM"	"AMR"	"A"	"0"	"0"	NA	NA	NA	NA	1.00268711673511
"HG01343"	0.780166147455867	0.773363023031485	0.929095027218076	"Women"	"CLM"	"AMR"	"A"	"HG01341"	"HG01342"	-0.00934083919010894	0.787522266304044	0.954057581781974	0.39925443074426	1.00879680592656
"HG01344"	0.572940428228248	0.580656288001681	0.936131424103806	"Men"	"CLM"	"AMR"	"B"	"0"	"0"	NA	NA	NA	NA	0.986711829471465
"HG01345"	0.760797801875808	0.78353880555812	0.562575178230293	"Women"	"CLM"	"AMR"	"B"	"0"	"0"	NA	NA	NA	NA	0.970976544465959
"HG01346"	0.784008307372793	0.793067750666043	0.892223527957832	"Women"	"CLM"	"AMR"	"B"	"HG01344"	"HG01345"	0.0305081132460661	0.760797801875808	0.368394110007645	0.572940428228248	0.988576709511083
"HG01347"	0.759344154427619	0.76851800733492	0.893679308778642	"Men"	"CLM"	"AMR"	"A"	"0"	"0"	NA	NA	NA	NA	0.988062930445684
"HG01348"	0.589855321751428	0.603970948603209	0.830136782110538	"Women"	"CLM"	"AMR"	"A"	"0"	"0"	NA	NA	NA	NA	0.976628632743967
"HG01349"	0.641997141454298	0.64146755714283	0.989526681022476	"Women"	"CLM"	"AMR"	"A"	"HG01347"	"HG01348"	0.0883976422354677	0.589855321751428	-0.154537323147994	0.759344154427619	1.00082558237836
"HG01350"	0.609482139537485	0.616662248642026	0.936131424103806	"Men"	"CLM"	"AMR"	"A"	"0"	"0"	NA	NA	NA	NA	0.988356496412172
"HG01351"	0.685145761581866	0.703275141162555	0.693925163752053	"Women"	"CLM"	"AMR"	"A"	"0"	"0"	NA	NA	NA	NA	0.974221498074396
"HG01352"	0.710479086542145	0.722223828162134	0.862507280903349	"Women"	"CLM"	"AMR"	"A"	"HG01350"	"HG01351"	0.0369750881940643	0.685145761581866	0.165709444876109	0.609482139537485	0.98373808622477
"HG01353"	0.809722905394327	0.803526604697674	0.92698449019364	"Men"	"CLM"	"AMR"	"B"	"0"	"0"	NA	NA	NA	NA	1.00771138212528
"HG01354"	0.840083073727934	0.841423136576538	0.984353102267515	"Women"	"CLM"	"AMR"	"A"	"0"	"0"	NA	NA	NA	NA	0.998407385309065
"HG01355"	0.815674748295634	0.826885497063354	0.821309357767603	"Women"	"CLM"	"AMR"	"A"	"HG01353"	"HG01354"	-0.0290546568495731	0.840083073727934	0.00735046873647305	0.809722905394327	0.986442199303852
"HG01356"	0.730677420953063	0.722409058675533	0.904541442426065	"Men"	"CLM"	"AMR"	"A"	"0"	"0"	NA	NA	NA	NA	1.01144554069226
"HG01357"	0.68316758918122	0.687391695556076	0.957187460153707	"Women"	"CLM"	"AMR"	"A"	"0"	"0"	NA	NA	NA	NA	0.993854877208781
"HG01358"	0.682982612837991	0.66804056479008	0.821309357767603	"Men"	"CLM"	"AMR"	"A"	"HG01356"	"HG01357"	-0.00027076276181406	0.68316758918122	-0.065274780289311	0.730677420953063	1.02236697714997
"HG01359"	0.714492543901053	0.716851929633174	0.984353102267515	"Men"	"CLM"	"AMR"	"A"	"0"	"0"	NA	NA	NA	NA	0.996708684688444
"HG01360"	0.798172987871349	0.788901284220533	0.839047031641111	"Women"	"CLM"	"AMR"	"B"	"0"	"0"	NA	NA	NA	NA	1.01175267912002
"HG01361"	0.786638975424022	0.781655912153882	0.929095027218076	"Women"	"CLM"	"AMR"	"B"	"HG01359"	"HG01360"	-0.0144505171467743	0.798172987871349	0.100975765441941	0.714492543901053	1.00637500873806
"HG01366"	0.728168947955299	0.740927207891064	0.830136782110538	"Women"	"CLM"	"AMR"	"B"	"0"	"0"	NA	NA	NA	NA	0.982780683716448
"HG01367"	0.735876719682714	0.737878141858015	0.984353102267515	"Women"	"CLM"	"AMR"	"B"	"HG01365"	"HG01366"	0.0105851420182886	0.728168947955299	-0.167032057693379	0.883439424625339	0.997287597962637
"HG01374"	0.709000093098475	0.721209141554841	0.84030281869116	"Men"	"CLM"	"AMR"	"A"	"0"	"0"	NA	NA	NA	NA	0.98307141749473
"HG01375"	0.733937977082333	0.738362612344652	0.957187460153707	"Women"	"CLM"	"AMR"	"A"	"0"	"0"	NA	NA	NA	NA	0.994007503646117
"HG01376"	0.737099539229333	0.749722404279611	0.821309357767603	"Women"	"CLM"	"AMR"	"A"	"HG01374"	"HG01375"	0.00430766937496384	0.733937977082333	0.0396324999169717	0.709000093098475	0.98316328153164
"HG01377"	0.643130992129983	0.66196020238074	0.709276232610934	"Men"	"CLM"	"AMR"	"B"	"0"	"0"	NA	NA	NA	NA	0.971555374200687
"HG01383"	0.730723615227878	0.742702504078617	0.832446253741267	"Men"	"CLM"	"AMR"	"A"	"0"	"0"	NA	NA	NA	NA	0.983871215210725
"HG01384"	0.74678590125829	0.757490607038407	0.865298578673827	"Women"	"CLM"	"AMR"	"A"	"0"	"0"	NA	NA	NA	NA	0.985868199974162
"HG01385"	0.738598871302721	0.755055138226766	0.739352538349699	"Women"	"CLM"	"AMR"	"A"	"HG01383"	"HG01384"	-0.0109630215859375	0.74678590125829	0.0107773389428337	0.730723615227878	0.978205211658195
"HG01390"	0.773890530455742	0.763357436310295	0.892223527957832	"Women"	"CLM"	"AMR"	"B"	"0"	"0"	NA	NA	NA	NA	1.01379837759407
"HG01391"	0.713769559899977	0.729212423282608	0.821309357767603	"Women"	"CLM"	"AMR"	"B"	"HG01389"	"HG01390"	-0.077686660050434	0.773890530455742	-0.25368068818276	0.956386292834891	0.978822544858583
"HG01431"	0.768007174549231	0.744216911177285	0.562575178230293	"Men"	"CLM"	"AMR"	"A"	"0"	"0"	NA	NA	NA	NA	1.03196684060069
"HG01432"	0.751509393426535	0.752537460976468	0.984353102267515	"Women"	"CLM"	"AMR"	"B"	"0"	"0"	NA	NA	NA	NA	0.998633865284794
"HG01433"	0.724695400695486	0.734472098842535	0.893679308778642	"Men"	"CLM"	"AMR"	"B"	"HG01431"	"HG01432"	-0.0356801830630348	0.751509393426535	-0.056395012037701	0.768007174549231	0.986688809333321
"HG01437"	0.879543094496365	0.873112224422583	0.904541442426065	"Men"	"CLM"	"AMR"	"B"	"0"	"0"	NA	NA	NA	NA	1.00736545646012
"HG01455"	0.609145679321234	0.613018606403824	0.984353102267515	"Men"	"CLM"	"AMR"	"B"	"0"	"0"	NA	NA	NA	NA	0.993682203048762
"HG01461"	0.619795634651494	0.573993570387799	0.0937316411611722	"Men"	"CLM"	"AMR"	"C"	"0"	"0"	NA	NA	NA	NA	1.0797954308665
"HG01462"	0.625127073840179	0.62131378282382	0.984353102267515	"Women"	"CLM"	"AMR"	"C"	"0"	"0"	NA	NA	NA	NA	1.00613746406691
"HG01463"	0.629533954212119	0.632462602908345	0.984353102267515	"Women"	"CLM"	"AMR"	"C"	"HG01461"	"HG01462"	0.00704957528853874	0.625127073840179	0.0157121460949	0.619795634651494	0.995369451596414
"HG01465"	0.81331561900276	0.820524122312736	0.904541442426065	"Women"	"CLM"	"AMR"	"B"	"0"	"0"	NA	NA	NA	NA	0.991214757599499
"HG01466"	0.831398093080336	0.837085951740311	0.929095027218076	"Women"	"CLM"	"AMR"	"B"	"HG01464"	"HG01465"	0.0222330343289694	0.81331561900276	0.0536309134613851	0.789079062182249	0.993205167703328
"HG01488"	0.8704574104208	0.8636992538648	0.904541442426065	"Men"	"CLM"	"AMR"	"B"	"0"	"0"	NA	NA	NA	NA	1.00782466411284
"HG01491"	0.822268328688483	0.827467598416109	0.941713452284503	"Men"	"CLM"	"AMR"	"B"	"0"	"0"	NA	NA	NA	NA	0.993716648558108
"HG01492"	0.764780867312764	0.762803051125965	0.985210457722732	"Women"	"CLM"	"AMR"	"A"	"0"	"0"	NA	NA	NA	NA	1.00259282679045
"HG01493"	0.800623052959502	0.814841025707088	0.78960012048125	"Women"	"CLM"	"AMR"	"A"	"HG01491"	"HG01492"	0.0468659549142188	0.764780867312764	-0.026323859224282	0.822268328688483	0.982551231100265
"HG01494"	0.623370660904267	0.595405017074932	0.545752704658371	"Men"	"CLM"	"AMR"	"B"	"0"	"0"	NA	NA	NA	NA	1.04696911014745
"HG01495"	0.634100411692751	0.626678038987936	0.936131424103806	"Women"	"CLM"	"AMR"	"A"	"0"	"0"	NA	NA	NA	NA	1.01184399682619
"HG01496"	0.612289137746109	0.616429546349182	0.984353102267515	"Women"	"CLM"	"AMR"	"A"	"HG01494"	"HG01495"	-0.0343971925336174	0.634100411692751	-0.0177767800975474	0.623370660904267	0.993283241162604
"HG01497"	0.624150390136221	0.609608164445163	0.827792680340382	"Men"	"CLM"	"AMR"	"B"	"0"	"0"	NA	NA	NA	NA	1.0238550376114
"HG01498"	0.662670391994857	0.652131343778609	0.87905796581773	"Women"	"CLM"	"AMR"	"B"	"0"	"0"	NA	NA	NA	NA	1.01616092880183
"HG01499"	0.67035436278581	0.6570523761255	0.84030281869116	"Men"	"CLM"	"AMR"	"B"	"HG01497"	"HG01498"	0.0115954641761221	0.662670391994857	0.0740269867323254	0.624150390136221	1.02024494110918
"HG01550"	0.736238909136106	0.732530230145862	0.984353102267515	"Men"	"CLM"	"AMR"	"B"	"0"	"0"	NA	NA	NA	NA	1.00506283404783
"HG01565"	0.353444249092475	0.330920933289357	0.599741021685913	"Men"	"PEL"	"AMR"	"A"	"0"	"0"	NA	NA	NA	NA	1.06806252955725
"HG01566"	0.570450673351401	0.54348798812392	0.562575178230293	"Women"	"PEL"	"AMR"	"A"	"0"	"0"	NA	NA	NA	NA	1.04961045288334
"HG01567"	0.535432440847366	0.525675686981017	0.904541442426065	"Women"	"PEL"	"AMR"	"A"	"HG01565"	"HG01566"	-0.0613869597143295	0.570450673351401	0.514899286725347	0.353444249092475	1.01856040541343
"HG01571"	0.322229189268095	0.316394709804289	0.941713452284503	"Men"	"PEL"	"AMR"	"C"	"0"	"0"	NA	NA	NA	NA	1.01844050890552
"HG01573"	0	0.000562288518890292	0	"Women"	"PEL"	"AMR"	"B"	"HG01571"	"HG01572"	NA	NA	-1	0.322229189268095	0
"HG01577"	0.549684897438892	0.542473079826565	0.941713452284503	"Men"	"PEL"	"AMR"	"D"	"0"	"0"	NA	NA	NA	NA	1.01329433271534
"HG01578"	0.382551462952782	0.394906988125988	0.839047031641111	"Women"	"PEL"	"AMR"	"D"	"0"	"0"	NA	NA	NA	NA	0.9687128221462
"HG01579"	0.433621966204025	0.462642391094648	0.545752704658371	"Men"	"PEL"	"AMR"	"D"	"HG01577"	"HG01578"	0.133499694020374	0.382551462952782	-0.211144478910792	0.549684897438892	0.93727244746864
"HG01892"	0.293266981676418	0.292829703510599	0.990668252606228	"Men"	"PEL"	"AMR"	"A"	"0"	"0"	NA	NA	NA	NA	1.00149328487027
"HG01893"	0.455131422743823	0.447102180721261	0.936131424103806	"Women"	"PEL"	"AMR"	"B"	"0"	"0"	NA	NA	NA	NA	1.01795840496597
"HG01898"	0.461789133573795	0.479964411621964	0.780016544450053	"Women"	"PEL"	"AMR"	"B"	"HG01892"	"HG01893"	0.014628106294738	0.455131422743823	0.574637318303085	0.293266981676418	0.9621320297754
"HG01917"	0.132917964693666	0.145910609726189	0.739352538349699	"Men"	"PEL"	"AMR"	"D"	"0"	"0"	NA	NA	NA	NA	0.910954761570079
"HG01918"	0.249973472889495	0.248656374269716	0.984353102267515	"Women"	"PEL"	"AMR"	"A"	"0"	"0"	NA	NA	NA	NA	1.005296862482
"HG01919"	0.313603322949118	0.291608869707128	0.639795967078632	"Women"	"PEL"	"AMR"	"A"	"HG01917"	"HG01918"	0.25454640976145	0.249973472889495	1.359375	0.132917964693666	1.07542450016722
"HG01921"	0.24411658997988	0.225286146039097	0.670980495128359	"Women"	"PEL"	"AMR"	"D"	"0"	"0"	NA	NA	NA	NA	1.08358456244138
"HG01922"	0.251356720965577	0.245500423699686	0.939504291818089	"Women"	"PEL"	"AMR"	"D"	"HG01920"	"HG01921"	0.0296584963205227	0.24411658997988	NA	NA	1.02385453017814
"HG01924"	0.287585447075816	0.286533080714135	0.984353102267515	"Women"	"PEL"	"AMR"	"B"	"0"	"0"	NA	NA	NA	NA	1.00367275694331
"HG01925"	0.275183122139132	0.27158169724407	0.957187460153707	"Women"	"PEL"	"AMR"	"B"	"HG01923"	"HG01924"	-0.0431257042482221	0.287585447075816	NA	NA	1.01326092638645
"HG01928"	0	0.000211594202898552	0	"Men"	"PEL"	"AMR"	"B"	"HG01926"	"HG01927"	NA	NA	NA	NA	0
"HG01932"	0.163298157861893	0.202036059294925	0.0322572343923744	"Men"	"PEL"	"AMR"	"C"	"0"	"0"	NA	NA	NA	NA	0.808262438060706
"HG01935"	0.258433780902095	0.296868602571488	0.166186598025694	"Men"	"PEL"	"AMR"	"A"	"0"	"0"	NA	NA	NA	NA	0.870532547610392
"HG01936"	0.36721084352816	0.354071407110161	0.830136782110538	"Women"	"PEL"	"AMR"	"B"	"0"	"0"	NA	NA	NA	NA	1.03710956647203
"HG01937"	0.398753894080997	0.386347207930435	0.87905796581773	"Men"	"PEL"	"AMR"	"B"	"HG01935"	"HG01936"	0.0858990171689125	0.36721084352816	0.542963511539001	0.258433780902095	1.03211278843458
"HG01939"	0.255090717045713	0.224906173458854	0.480077649679774	"Women"	"PEL"	"AMR"	"D"	"0"	"0"	NA	NA	NA	NA	1.1342094933307
"HG01940"	0.25820598184322	0.248270443760438	0.893679308778642	"Women"	"PEL"	"AMR"	"D"	"HG01938"	"HG01939"	0.0122123801037775	0.255090717045713	NA	NA	1.04001901286474
"HG01941"	0.186415639532259	0.207566179359622	0.562575178230293	"Men"	"PEL"	"AMR"	"B"	"0"	"0"	NA	NA	NA	NA	0.898102186528575
"HG01942"	0.173676012461059	0.17597169569127	0.984353102267515	"Women"	"PEL"	"AMR"	"C"	"0"	"0"	NA	NA	NA	NA	0.986954247265775
"HG01943"	0.173427663663968	0.158540612432289	0.740791951713058	"Men"	"PEL"	"AMR"	"C"	"HG01941"	"HG01942"	-0.00142995450881535	0.173676012461059	-0.0696721364198835	0.186415639532259	1.09390055332375
"HG01944"	0.268025568503358	0.249731011285367	0.670980495128359	"Men"	"PEL"	"AMR"	"C"	"0"	"0"	NA	NA	NA	NA	1.073257050151
"HG01945"	0.236132570013272	0.222811030077262	0.821309357767603	"Women"	"PEL"	"AMR"	"B"	"0"	"0"	NA	NA	NA	NA	1.05978851195738
"HG01946"	0.262880421758927	0.267757080087519	0.957187460153707	"Men"	"PEL"	"AMR"	"B"	"HG01944"	"HG01945"	0.113274724211705	0.236132570013272	-0.0191964773105831	0.268025568503358	0.98178700512047
"HG01947"	0.338248845864171	0.349621984599493	0.852484919134445	"Men"	"PEL"	"AMR"	"C"	"0"	"0"	NA	NA	NA	NA	0.967470184266728
"HG01948"	0.305305555950821	0.282909622188883	0.585600141570804	"Women"	"PEL"	"AMR"	"C"	"0"	"0"	NA	NA	NA	NA	1.07916285628131
"HG01949"	0.313511115138386	0.300331046280558	0.821309357767603	"Women"	"PEL"	"AMR"	"C"	"HG01947"	"HG01948"	0.0268765472086151	0.305305555950821	-0.0731347084498811	0.338248845864171	1.04388513615577
"HG01950"	0.200751912701822	0.199005186176113	0.984353102267515	"Men"	"PEL"	"AMR"	"C"	"0"	"0"	NA	NA	NA	NA	1.00877729148306
"HG01952"	0	0.000638647342995173	0	"Men"	"PEL"	"AMR"	"A"	"HG01950"	"HG01951"	NA	NA	-1	0.200751912701822	0
"HG01953"	0.155139512616148	0.1534123879807	0.984353102267515	"Men"	"PEL"	"AMR"	"B"	"0"	"0"	NA	NA	NA	NA	1.01125805196165
"HG01955"	0	0.00105540116539669	0	"Women"	"PEL"	"AMR"	"A"	"HG01953"	"HG01954"	NA	NA	-1	0.155139512616148	0
"HG01967"	0.401594243942884	0.365335665063265	0.352444478123069	"Men"	"PEL"	"AMR"	"B"	"0"	"0"	NA	NA	NA	NA	1.0992473014463
"HG01969"	0	0	NA	"Women"	"PEL"	"AMR"	"B"	"HG01967"	"HG01968"	NA	NA	-1	0.401594243942884	NA
"HG01970"	0.342145077393895	0.340990490793986	0.984353102267515	"Men"	"PEL"	"AMR"	"B"	"0"	"0"	NA	NA	NA	NA	1.00338597887941
"HG01971"	0.46139518644524	0.458596430179473	0.984353102267515	"Women"	"PEL"	"AMR"	"B"	"0"	"0"	NA	NA	NA	NA	1.00610287407748
"HG01972"	0.468487613113782	0.484903080738194	0.780016544450053	"Women"	"PEL"	"AMR"	"B"	"HG01970"	"HG01971"	0.015371696274477	0.46139518644524	0.369265975364114	0.342145077393895	0.966146910018756
"HG01973"	0.213438968871121	0.222637509273045	0.904541442426065	"Women"	"PEL"	"AMR"	"B"	"0"	"0"	NA	NA	NA	NA	0.958683779602282
"HG01975"	0.181196314243492	0.199631652596916	0.618335240923615	"Women"	"PEL"	"AMR"	"B"	"HG01974"	"HG01973"	-0.151062642394501	0.213438968871121	NA	NA	0.90765322976789
"HG01977"	0.196685728598601	0.202201503424358	0.941713452284503	"Men"	"PEL"	"AMR"	"B"	"0"	"0"	NA	NA	NA	NA	0.972721395576464
"HG01979"	0.314818044330342	0.308881305275803	0.945234320619049	"Men"	"PEL"	"AMR"	"B"	"0"	"0"	NA	NA	NA	NA	1.01922013068819
"HG01980"	0.289106582091607	0.279306154978602	0.893679308778642	"Women"	"PEL"	"AMR"	"B"	"0"	"0"	NA	NA	NA	NA	1.03508847527458
"HG01981"	0.330218068535826	0.328376961459236	0.984353102267515	"Women"	"PEL"	"AMR"	"B"	"HG01979"	"HG01980"	0.142201834862384	0.289106582091607	0.0489172221314109	0.314818044330342	1.0056066877177
"HG01982"	0.26532269163827	0.269014152898125	0.976953825564759	"Men"	"PEL"	"AMR"	"C"	"0"	"0"	NA	NA	NA	NA	0.986277817653508
"HG01983"	0.316359935741557	0.308081153594985	0.893679308778642	"Women"	"PEL"	"AMR"	"B"	"0"	"0"	NA	NA	NA	NA	1.02687208240416
"HG01984"	0.374831423098035	0.346794491069691	0.562575178230293	"Men"	"PEL"	"AMR"	"B"	"HG01982"	"HG01983"	0.18482582890725	0.316359935741557	0.412737903356808	0.26532269163827	1.08084595560288
"HG01991"	0.252283125015395	0.278799939822549	0.544183828511089	"Men"	"PEL"	"AMR"	"B"	"0"	"0"	NA	NA	NA	NA	0.904889452902927
"HG01992"	0.0855632148581573	0.0906449776514484	0.893679308778642	"Women"	"PEL"	"AMR"	"B"	"0"	"0"	NA	NA	NA	NA	0.943937734610827
"HG01993"	0.104274933473669	0.126864669199314	0.427942539438415	"Women"	"PEL"	"AMR"	"B"	"HG01991"	"HG01992"	0.218688821434904	0.0855632148581573	-0.586674957085196	0.252283125015395	0.821938323189453
"HG01997"	0.120315261091885	0.128781714087411	0.84030281869116	"Women"	"PEL"	"AMR"	"D"	"0"	"0"	NA	NA	NA	NA	0.934257335713208
"HG01998"	0.128550485614807	0.138309171541213	0.830136782110538	"Men"	"PEL"	"AMR"	"D"	"HG02008"	"HG01997"	0.0684470485970447	0.120315261091885	-0.278775767483168	0.178239276800516	0.929442958715877
"HG02002"	0.22673649490622	0.240089910849552	0.814817011327328	"Men"	"PEL"	"AMR"	"B"	"0"	"0"	NA	NA	NA	NA	0.944381603141585
"HG02003"	0.201437140441045	0.195935919042139	0.936131424103806	"Women"	"PEL"	"AMR"	"B"	"0"	"0"	NA	NA	NA	NA	1.02807663559494
"HG02004"	0.181723779854621	0.182781907129635	0.984353102267515	"Women"	"PEL"	"AMR"	"B"	"HG02002"	"HG02003"	-0.0978635843581862	0.201437140441045	-0.198524349025582	0.22673649490622	0.994210984601096
"HG02008"	0.178239276800516	0.181026616848809	0.984353102267515	"Men"	"PEL"	"AMR"	"D"	"0"	"0"	NA	NA	NA	NA	0.984602595481185
"HG02089"	0.305253580770543	0.333561788355831	0.522721610607582	"Women"	"PEL"	"AMR"	"B"	"0"	"0"	NA	NA	NA	NA	0.915133541750022
"HG02090"	0.416345622171574	0.407625384555411	0.904541442426065	"Men"	"PEL"	"AMR"	"B"	"0"	"0"	NA	NA	NA	NA	1.02139277372452
"HG02091"	0.314231889115476	0.328135051863237	0.830136782110538	"Women"	"PEL"	"AMR"	"B"	"HG02090"	"HG02089"	0.0294126225227851	0.305253580770543	-0.245261935320694	0.416345622171574	0.957629754368465
"HG02104"	0.133029025827267	0.142268353636936	0.839047031641111	"Men"	"PEL"	"AMR"	"B"	"0"	"0"	NA	NA	NA	NA	0.935057041334379
"HG02106"	0	5.60386473429957e-05	0	"Women"	"PEL"	"AMR"	"D"	"HG02104"	"HG02105"	NA	NA	-1	0.133029025827267	0
"HG02146"	0.190031152647975	0.169997194132375	0.562575178230293	"Men"	"PEL"	"AMR"	"B"	"0"	"0"	NA	NA	NA	NA	1.11784875990365
"HG02148"	0	0.000449521300939073	0	"Women"	"PEL"	"AMR"	"D"	"HG02146"	"HG02147"	NA	NA	-1	0.190031152647975	0
"HG02260"	0.180685358255452	0.168706987050043	0.830136782110538	"Women"	"PEL"	"AMR"	"A"	"0"	"0"	NA	NA	NA	NA	1.07100103804151
"HG02261"	0.186685127495097	0.200211610882862	0.780016544450053	"Men"	"PEL"	"AMR"	"A"	"HG02259"	"HG02260"	0.0332056194125186	0.180685358255452	NA	NA	0.932439066205409
"HG02273"	0	0	NA	"Women"	"PEL"	"AMR"	"B"	"HG02271"	"HG02272"	NA	NA	NA	NA	NA
"HG02277"	0.282289636330318	0.297662475216821	0.780016544450053	"Men"	"PEL"	"AMR"	"B"	"0"	"0"	NA	NA	NA	NA	0.948354797240382
"HG02279"	0	0.00187318146811531	0	"Men"	"PEL"	"AMR"	"C"	"HG02277"	"HG02278"	NA	NA	-1	0.282289636330318	0
"HG02285"	0.19038943159339	0.191901886186572	0.984353102267515	"Men"	"PEL"	"AMR"	"D"	"0"	"0"	NA	NA	NA	NA	0.992118604859821
"HG02286"	0.310611880781321	0.319405597206684	0.893679308778642	"Women"	"PEL"	"AMR"	"B"	"0"	"0"	NA	NA	NA	NA	0.972468496162035
"HG02287"	0.358044724032353	0.333325654447514	0.562575178230293	"Women"	"PEL"	"AMR"	"B"	"HG02285"	"HG02286"	0.152707755838953	0.310611880781321	0.880591380707627	0.19038943159339	1.07415891712809
"HG02292"	0.122307183989427	0.145756915840789	0.441715248572984	"Women"	"PEL"	"AMR"	"C"	"0"	"0"	NA	NA	NA	NA	0.839117535410967
"HG02293"	0.162101128566219	0.174684649465802	0.814817011327328	"Women"	"PEL"	"AMR"	"C"	"HG02291"	"HG02292"	0.325360647500739	0.122307183989427	NA	NA	0.92796435784103
"HG02298"	0.41148558438278	0.404794359864164	0.936131424103806	"Women"	"PEL"	"AMR"	"A"	"0"	"0"	NA	NA	NA	NA	1.01652993515241
"HG02299"	0.133225645167493	0.156220562594178	0.488737623983749	"Men"	"PEL"	"AMR"	"B"	"0"	"0"	NA	NA	NA	NA	0.852804796981688
"HG02300"	0.462097611630322	0.438367119849909	0.617670386362864	"Men"	"PEL"	"AMR"	"A"	"HG02299"	"HG02298"	0.122998299742282	0.41148558438278	2.46853348729793	0.133225645167493	1.05413383145282
"HG02301"	0.213943084107006	0.193808297022468	0.618111463570245	"Women"	"PEL"	"AMR"	"A"	"0"	"0"	NA	NA	NA	NA	1.10389022242017
"HG02302"	0.39539680961721	0.368441462060064	0.562575178230293	"Men"	"PEL"	"AMR"	"A"	"0"	"0"	NA	NA	NA	NA	1.07316046192638
"HG02303"	0.207730915674839	0.194360234193247	0.821309357767603	"Women"	"PEL"	"AMR"	"A"	"HG02302"	"HG02301"	-0.0290365470709041	0.213943084107006	-0.474626727828314	0.39539680961721	1.06879329785278
"NA19649"	0.804682103037374	0.765614944103816	0.0648386057993327	"Men"	"MXL"	"AMR"	"B"	"0"	"0"	NA	NA	NA	NA	1.05102716350356
"NA19651"	0.685455061001165	0.71272505006102	0.545752704658371	"Women"	"MXL"	"AMR"	"A"	"0"	"0"	NA	NA	NA	NA	0.961738416437699
"NA19653"	0.689371714522881	0.72060544536226	0.48324934768895	"Women"	"MXL"	"AMR"	"A"	"NA19652"	"NA19651"	0.00571394646352867	0.685455061001165	1.0435051322443	0.33734767955575	0.956656265865883
"NA19654"	0.467840645214157	0.459707556795326	0.907902711132538	"Women"	"MXL"	"AMR"	"B"	"0"	"0"	NA	NA	NA	NA	1.01769187453765
"NA19656"	0.435535577424254	0.42162834974989	0.830136782110538	"Women"	"MXL"	"AMR"	"B"	"NA19655"	"NA19654"	-0.0690514347574824	0.467840645214157	0.0941133922061497	0.398071699447941	1.03298456491982
"NA19657"	0.424433296465213	0.435098282215031	0.893679308778642	"Women"	"MXL"	"AMR"	"C"	"0"	"0"	NA	NA	NA	NA	0.975488329451627
"NA19658"	0.669416255556041	0.706265779456378	0.332745745800815	"Men"	"MXL"	"AMR"	"C"	"0"	"0"	NA	NA	NA	NA	0.94782484870115
"NA19659"	0.457349084546166	0.450614696643052	0.949087102238282	"Women"	"MXL"	"AMR"	"C"	"NA19658"	"NA19657"	0.0775523229564793	0.424433296465213	-0.316794175895422	0.669416255556041	1.0149448918406
"NA19660"	0.586780632102704	0.553379989976712	0.48324934768895	"Women"	"MXL"	"AMR"	"A"	"0"	"0"	NA	NA	NA	NA	1.06035751695214
"NA19661"	0.498461960461608	0.501673696052361	0.984353102267515	"Men"	"MXL"	"AMR"	"D"	"0"	"0"	NA	NA	NA	NA	0.993597958960125
"NA19662"	0.597253832206135	0.571175598854976	0.562575178230293	"Women"	"MXL"	"AMR"	"A"	"NA19661"	"NA19660"	0.0178485783791137	0.586780632102704	0.198193402066306	0.498461960461608	1.04565712086342
"NA19663"	0.364494893309347	0.410733027698017	0.0648386057993327	"Women"	"MXL"	"AMR"	"A"	"0"	"0"	NA	NA	NA	NA	0.887425331613054
"NA19664"	0.539459481686325	0.553724170196518	0.830136782110538	"Men"	"MXL"	"AMR"	"A"	"0"	"0"	NA	NA	NA	NA	0.974238638517204
"NA19665"	0.343770854814065	0.380580771794507	0.352444478123069	"Women"	"MXL"	"AMR"	"A"	"NA19664"	"NA19663"	-0.056856869261247	0.364494893309347	-0.362749443684901	0.539459481686325	0.90327961970628
"NA19669"	0.680189026556516	0.693598328982775	0.828349791225342	"Women"	"MXL"	"AMR"	"B"	"0"	"0"	NA	NA	NA	NA	0.980667049117716
"NA19670"	0.520104593897621	0.525689611031694	0.957187460153707	"Men"	"MXL"	"AMR"	"A"	"0"	"0"	NA	NA	NA	NA	0.989375827452416
"NA19671"	0.663323504174786	0.677441934326986	0.821309357767603	"Women"	"MXL"	"AMR"	"B"	"NA19670"	"NA19669"	-0.0247953461806233	0.680189026556516	0.275365593685484	0.520104593897621	0.97915920252822
"NA19675"	0.804014104523185	0.787325028969084	0.667116146822919	"Women"	"MXL"	"AMR"	"A"	"NA19679"	"NA19678"	-0.037301111283332	0.835166752498262	9.86549299621952	0.0739970201814984	1.02119718660024
"NA19676"	0.680160915628135	0.695323205484792	0.821309357767603	"Men"	"MXL"	"AMR"	"A"	"0"	"0"	NA	NA	NA	NA	0.978193896396589
"NA19677"	0.888888888888889	0.889224310724236	0.984353102267515	"Women"	"MXL"	"AMR"	"A"	"NA19676"	"NA19675"	0.105563800296809	0.804014104523185	0.306880281511018	0.680160915628135	0.999622792774216
"NA19678"	0.835166752498262	0.809079159434166	0.472602887283804	"Women"	"MXL"	"AMR"	"A"	"0"	"0"	NA	NA	NA	NA	1.03224356079366
"NA19680"	0.785322515738138	0.781504317065576	0.957187460153707	"Women"	"MXL"	"AMR"	"A"	"NA19679"	"NA19678"	-0.0596817780533328	0.835166752498262	9.61289378696487	0.0739970201814984	1.004885703878
"NA19681"	0.44004531294251	0.41900821255369	0.660463129044819	"Women"	"MXL"	"AMR"	"B"	"0"	"0"	NA	NA	NA	NA	1.05020689274944
"NA19683"	0.430673134328594	0.418448204374667	0.876952458783512	"Women"	"MXL"	"AMR"	"B"	"NA19682"	"NA19681"	-0.0212982125664399	0.44004531294251	-0.0924765243797881	0.474558670820353	1.02921491794234
"NA19684"	0.668844286756598	0.694096046046091	0.562575178230293	"Women"	"MXL"	"AMR"	"B"	"0"	"0"	NA	NA	NA	NA	0.963619214612531
"NA19685"	0.602933054333955	0.58867928284072	0.827792680340382	"Men"	"MXL"	"AMR"	"A"	"NA19661"	"NA19660"	0.0275271904823612	0.586780632102704	0.209586893602874	0.498461960461608	1.02421313592769
"NA19686"	0.720800693303439	0.729487207798618	0.904541442426065	"Women"	"MXL"	"AMR"	"B"	"NA19685"	"NA19684"	0.0776808706833568	0.668844286756598	0.195490424885876	0.602933054333955	0.988092300451172
"NA19716"	0.469411002120516	0.468887157504117	0.984353102267515	"Women"	"MXL"	"AMR"	"D"	"0"	"0"	NA	NA	NA	NA	1.00111720828352
"NA19717"	0.436518518481234	0.440851278844607	0.971053388223993	"Men"	"MXL"	"AMR"	"C"	"0"	"0"	NA	NA	NA	NA	0.990171832154535
"NA19718"	0.456373913751448	0.450108820875319	0.941713452284503	"Women"	"MXL"	"AMR"	"D"	"NA19717"	"NA19716"	-0.0277732910182643	0.469411002120516	0.0454858028458819	0.436518518481234	1.01391906264788
"NA19719"	0.550494444324999	0.552720290532333	0.984353102267515	"Women"	"MXL"	"AMR"	"D"	"0"	"0"	NA	NA	NA	NA	0.995972924740667
"NA19720"	0.386856301304417	0.371800680691144	0.830136782110538	"Men"	"MXL"	"AMR"	"A"	"0"	"0"	NA	NA	NA	NA	1.04049379518425
"NA19721"	0.648621502723268	0.641223424074758	0.936131424103806	"Women"	"MXL"	"AMR"	"D"	"NA19720"	"NA19719"	0.178252586215633	0.550494444324999	0.676647118157883	0.386856301304417	1.01153744291108
"NA19722"	0.497106325617404	0.500671925324842	0.984353102267515	"Women"	"MXL"	"AMR"	"A"	"0"	"0"	NA	NA	NA	NA	0.992878370990896
"NA19723"	0.516028893035677	0.512988926100092	0.984353102267515	"Men"	"MXL"	"AMR"	"A"	"0"	"0"	NA	NA	NA	NA	1.00592598939454
"NA19724"	0.526870084387951	0.545775073620808	0.743055434679078	"Men"	"MXL"	"AMR"	"A"	"NA19723"	"NA19722"	0.0598740294313909	0.497106325617404	0.021008884383388	0.516028893035677	0.965361208038622
"NA19726"	0.391780899101045	0.366573108171869	0.562575178230293	"Men"	"MXL"	"AMR"	"C"	"0"	"0"	NA	NA	NA	NA	1.06876606703337
"NA19729"	0.185877466251298	0.171927404002498	0.78960012048125	"Men"	"MXL"	"AMR"	"A"	"0"	"0"	NA	NA	NA	NA	1.08113925950163
"NA19730"	0	0.000124069923800987	0	"Women"	"MXL"	"AMR"	"D"	"NA19729"	"NA19728"	NA	NA	-1	0.185877466251298	0
"NA19733"	0	5.21739130434788e-05	0	"Women"	"MXL"	"AMR"	"B"	"NA19732"	"NA19731"	NA	NA	NA	NA	0
"NA19746"	0.329179646936657	0.340286012411642	0.893679308778642	"Women"	"MXL"	"AMR"	"A"	"0"	"0"	NA	NA	NA	NA	0.967361674973729
"NA19747"	0.443067401394044	0.464757001793557	0.658804423438159	"Men"	"MXL"	"AMR"	"D"	"0"	"0"	NA	NA	NA	NA	0.95333131009149
"NA19748"	0.319833852544132	0.303937403790332	0.78960012048125	"Women"	"MXL"	"AMR"	"A"	"NA19747"	"NA19746"	-0.0283911671924335	0.329179646936657	-0.278137250590264	0.443067401394044	1.05230171922099
"NA19749"	0.597869202993691	0.601915961852043	0.94627510391414	"Women"	"MXL"	"AMR"	"B"	"0"	"0"	NA	NA	NA	NA	0.99327687066829
"NA19751"	0.611777617541667	0.59730301240485	0.830136782110538	"Men"	"MXL"	"AMR"	"B"	"NA19750"	"NA19749"	0.0232633065532278	0.597869202993691	0.496911280439463	0.40869330436341	1.02423326994207
"NA19755"	0.327310488058152	0.308572907748021	0.70363620867065	"Women"	"MXL"	"AMR"	"D"	"0"	"0"	NA	NA	NA	NA	1.06072334880881
"NA19756"	0.513163849925812	0.518671167842798	0.94446696768884	"Men"	"MXL"	"AMR"	"A"	"0"	"0"	NA	NA	NA	NA	0.989381869942971
"NA19757"	0.291123979299423	0.300060667667711	0.892223527957832	"Men"	"MXL"	"AMR"	"D"	"NA19756"	"NA19755"	-0.110557131772386	0.327310488058152	-0.432688059882803	0.513163849925812	0.97021706164373
"NA19758"	0.253439771547248	0.267504311624349	0.821309357767603	"Women"	"MXL"	"AMR"	"A"	"0"	"0"	NA	NA	NA	NA	0.9474231275313
"NA19759"	0.228503907209828	0.251211943021538	0.562575178230293	"Men"	"MXL"	"AMR"	"D"	"0"	"0"	NA	NA	NA	NA	0.909606065943436
"NA19760"	0.315680166147455	0.323921551801771	0.929095027218076	"Women"	"MXL"	"AMR"	"A"	"NA19759"	"NA19758"	0.245582586427656	0.253439771547248	0.381508832833988	0.228503907209828	0.974557464273453
"NA19761"	0.470558343245474	0.440941478680605	0.545752704658371	"Women"	"MXL"	"AMR"	"B"	"0"	"0"	NA	NA	NA	NA	1.06716733624945
"NA19762"	0.342105544797134	0.341848756449557	0.985210457722732	"Men"	"MXL"	"AMR"	"C"	"0"	"0"	NA	NA	NA	NA	1.00075117531578
"NA19763"	0.46877621057868	0.46504307882756	0.957187460153707	"Women"	"MXL"	"AMR"	"B"	"NA19762"	"NA19761"	-0.00378727248676967	0.470558343245474	0.370267795152696	0.342105544797134	1.00802749663651
"NA19770"	0.606766721649882	0.574611539934052	0.522721610607582	"Women"	"MXL"	"AMR"	"A"	"0"	"0"	NA	NA	NA	NA	1.05595986067304
"NA19771"	0.50014607597015	0.502491169467627	0.984353102267515	"Men"	"MXL"	"AMR"	"B"	"0"	"0"	NA	NA	NA	NA	0.995333065255732
"NA19772"	0.600155538161498	0.595045349417981	0.94446696768884	"Men"	"MXL"	"AMR"	"A"	"NA19771"	"NA19770"	-0.0108957582090319	0.606766721649882	0.199960505533021	0.50014607597015	1.00858789796192
"NA19773"	0.647097416941772	0.625257935005091	0.636341342436259	"Women"	"MXL"	"AMR"	"C"	"0"	"0"	NA	NA	NA	NA	1.03492875614046
"NA19774"	0.505015083713664	0.54342122528634	0.352444478123069	"Men"	"MXL"	"AMR"	"A"	"0"	"0"	NA	NA	NA	NA	0.92932528251461
"NA19775"	0.643841220207881	0.618422982063572	0.562575178230293	"Women"	"MXL"	"AMR"	"C"	"NA19774"	"NA19773"	-0.00503200391261146	0.647097416941772	0.274895029814455	0.505015083713664	1.04110170365838
"NA19777"	0.582997975805293	0.607981361994855	0.585550718579813	"Men"	"MXL"	"AMR"	"A"	"0"	"0"	NA	NA	NA	NA	0.958907644623203
"NA19780"	0.630036562100026	0.611005686392948	0.702809064327799	"Men"	"MXL"	"AMR"	"B"	"0"	"0"	NA	NA	NA	NA	1.03114680620965
"NA19782"	0.522037085841393	0.528454562492635	0.941713452284503	"Women"	"MXL"	"AMR"	"A"	"0"	"0"	NA	NA	NA	NA	0.987856142974768
"NA19783"	0.272933798648491	0.305459930022139	0.352444478123069	"Men"	"MXL"	"AMR"	"A"	"0"	"0"	NA	NA	NA	NA	0.893517518414642
"NA19784"	0.550370407575202	0.557062503685974	0.94627510391414	"Men"	"MXL"	"AMR"	"A"	"NA19783"	"NA19782"	0.054274538154972	0.522037085841393	1.01649781119274	0.272933798648491	0.987986812850458
"NA19785"	0.307193747608897	0.328305053498734	0.631745596416748	"Women"	"MXL"	"AMR"	"B"	"0"	"0"	NA	NA	NA	NA	0.935696067834308
"NA19786"	0.442159916926272	0.466693656805957	0.585550718579813	"Men"	"MXL"	"AMR"	"C"	"0"	"0"	NA	NA	NA	NA	0.947430740654173
"NA19787"	0.386292834890965	0.407327358230807	0.667116146822919	"Men"	"MXL"	"AMR"	"B"	"NA19786"	"NA19785"	0.257489248716002	0.307193747608897	-0.126350399248474	0.442159916926272	0.948359659829374
"NA19788"	0.361266730103504	0.355941658009708	0.94627510391414	"Women"	"MXL"	"AMR"	"C"	"0"	"0"	NA	NA	NA	NA	1.01496051943898
"NA19789"	0.575097217908235	0.596948312364027	0.666169888858995	"Men"	"MXL"	"AMR"	"A"	"0"	"0"	NA	NA	NA	NA	0.963395332555247
"NA19790"	0.334050531130425	0.333574541998319	0.985210457722732	"Women"	"MXL"	"AMR"	"C"	"NA19789"	"NA19788"	-0.0753354701809426	0.361266730103504	-0.419140763112286	0.575097217908235	1.00142693482918
"NA19794"	0.670733219505853	0.66907780232063	0.985210457722732	"Women"	"MXL"	"AMR"	"A"	"0"	"0"	NA	NA	NA	NA	1.00247417741178
"NA19795"	0.454006423644114	0.485846568566065	0.522721610607582	"Men"	"MXL"	"AMR"	"B"	"0"	"0"	NA	NA	NA	NA	0.934464608825118
"NA19796"	0.645254577907609	0.668999115413409	0.599741021685913	"Men"	"MXL"	"AMR"	"A"	"NA19795"	"NA19794"	-0.0379862527414625	0.670733219505853	0.42124548090846	0.454006423644114	0.964507370848874
